ensembl_transcript_id	molecule	timepoint	replicate	count
ENST00000327044.6_51_2298	rna	0h	rep1	243
ENST00000327044.6_51_2298	rna	0h	rep2	322
ENST00000327044.6_51_2298	rna	0h	rep3	303
ENST00000327044.6_51_2298	rna	14h	rep1	177
ENST00000327044.6_51_2298	rna	14h	rep2	177
ENST00000327044.6_51_2298	rna	14h	rep3	239
ENST00000338591.7_360_2034	rna	0h	rep1	19
ENST00000338591.7_360_2034	rna	0h	rep2	17
ENST00000338591.7_360_2034	rna	0h	rep3	15
ENST00000338591.7_360_2034	rna	14h	rep1	9
ENST00000338591.7_360_2034	rna	14h	rep2	5
ENST00000338591.7_360_2034	rna	14h	rep3	8
ENST00000379389.4_176_647	rna	0h	rep1	45
ENST00000379389.4_176_647	rna	0h	rep2	53
ENST00000379389.4_176_647	rna	0h	rep3	48
ENST00000379389.4_176_647	rna	14h	rep1	11
ENST00000379389.4_176_647	rna	14h	rep2	5
ENST00000379389.4_176_647	rna	14h	rep3	14
ENST00000379370.6_1158_6186	rna	0h	rep1	42
ENST00000379370.6_1158_6186	rna	0h	rep2	50
ENST00000379370.6_1158_6186	rna	0h	rep3	52
ENST00000379370.6_1158_6186	rna	14h	rep1	32
ENST00000379370.6_1158_6186	rna	14h	rep2	31
ENST00000379370.6_1158_6186	rna	14h	rep3	30
ENST00000379339.5_212_1352	rna	0h	rep1	17
ENST00000379339.5_212_1352	rna	0h	rep2	19
ENST00000379339.5_212_1352	rna	0h	rep3	25
ENST00000379339.5_212_1352	rna	14h	rep1	3
ENST00000379339.5_212_1352	rna	14h	rep2	0
ENST00000379339.5_212_1352	rna	14h	rep3	2
ENST00000263741.11_1328_1496	rna	0h	rep1	27.5
ENST00000263741.11_1328_1496	rna	0h	rep2	33.67
ENST00000263741.11_1328_1496	rna	0h	rep3	36.33
ENST00000263741.11_1328_1496	rna	14h	rep1	22.5
ENST00000263741.11_1328_1496	rna	14h	rep2	29.17
ENST00000263741.11_1328_1496	rna	14h	rep3	27.33
ENST00000360001.10_285_1350	rna	0h	rep1	158
ENST00000360001.10_285_1350	rna	0h	rep2	169.67
ENST00000360001.10_285_1350	rna	0h	rep3	171.33
ENST00000360001.10_285_1350	rna	14h	rep1	121
ENST00000360001.10_285_1350	rna	14h	rep2	124.17
ENST00000360001.10_285_1350	rna	14h	rep3	155.33
ENST00000263741.11_315_1338	rna	0h	rep1	148.5
ENST00000263741.11_315_1338	rna	0h	rep2	161.67
ENST00000263741.11_315_1338	rna	0h	rep3	158.33
ENST00000263741.11_315_1338	rna	14h	rep1	116.5
ENST00000263741.11_315_1338	rna	14h	rep2	113.67
ENST00000263741.11_315_1338	rna	14h	rep3	146.33
ENST00000379198.3_138_1002	rna	0h	rep1	11
ENST00000379198.3_138_1002	rna	0h	rep2	21
ENST00000379198.3_138_1002	rna	0h	rep3	23
ENST00000379198.3_138_1002	rna	14h	rep1	6
ENST00000379198.3_138_1002	rna	14h	rep2	2
ENST00000379198.3_138_1002	rna	14h	rep3	3
ENST00000347370.6_475_1096	rna	0h	rep1	27.33
ENST00000347370.6_475_1096	rna	0h	rep2	23.83
ENST00000347370.6_475_1096	rna	0h	rep3	28.5
ENST00000347370.6_475_1096	rna	14h	rep1	7.33
ENST00000347370.6_475_1096	rna	14h	rep2	7.58
ENST00000347370.6_475_1096	rna	14h	rep3	8
ENST00000349431.10_221_998	rna	0h	rep1	28.67
ENST00000349431.10_221_998	rna	0h	rep2	26.67
ENST00000349431.10_221_998	rna	0h	rep3	32.83
ENST00000349431.10_221_998	rna	14h	rep1	8.83
ENST00000349431.10_221_998	rna	14h	rep2	9.58
ENST00000349431.10_221_998	rna	14h	rep3	9.33
ENST00000400930.8_169_994	rna	0h	rep1	29.67
ENST00000400930.8_169_994	rna	0h	rep2	27.67
ENST00000400930.8_169_994	rna	0h	rep3	32.83
ENST00000400930.8_169_994	rna	14h	rep1	9.83
ENST00000400930.8_169_994	rna	14h	rep2	9.58
ENST00000400930.8_169_994	rna	14h	rep3	9.33
ENST00000347370.6_190_322	rna	0h	rep1	1.33
ENST00000347370.6_190_322	rna	0h	rep2	2.83
ENST00000347370.6_190_322	rna	0h	rep3	4.83
ENST00000347370.6_190_322	rna	14h	rep1	1
ENST00000347370.6_190_322	rna	14h	rep2	2.25
ENST00000347370.6_190_322	rna	14h	rep3	1.33
ENST00000354700.9_330_2706	rna	0h	rep1	61
ENST00000354700.9_330_2706	rna	0h	rep2	84
ENST00000354700.9_330_2706	rna	0h	rep3	82
ENST00000354700.9_330_2706	rna	14h	rep1	11
ENST00000354700.9_330_2706	rna	14h	rep2	8
ENST00000354700.9_330_2706	rna	14h	rep3	9
ENST00000379031.9_78_987	rna	0h	rep1	42
ENST00000379031.9_78_987	rna	0h	rep2	55
ENST00000379031.9_78_987	rna	0h	rep3	46
ENST00000379031.9_78_987	rna	14h	rep1	10
ENST00000379031.9_78_987	rna	14h	rep2	4
ENST00000379031.9_78_987	rna	14h	rep3	7
ENST00000419704.5_46_1543	rna	0h	rep1	21.15
ENST00000419704.5_46_1543	rna	0h	rep2	34.35
ENST00000419704.5_46_1543	rna	0h	rep3	31
ENST00000419704.5_46_1543	rna	14h	rep1	9.95
ENST00000419704.5_46_1543	rna	14h	rep2	10.5
ENST00000419704.5_46_1543	rna	14h	rep3	11.75
ENST00000435064.5_84_1884	rna	0h	rep1	32.82
ENST00000435064.5_84_1884	rna	0h	rep2	51.02
ENST00000435064.5_84_1884	rna	0h	rep3	45.67
ENST00000435064.5_84_1884	rna	14h	rep1	14.95
ENST00000435064.5_84_1884	rna	14h	rep2	16.83
ENST00000435064.5_84_1884	rna	14h	rep3	20.08
ENST00000540437.5_535_2353	rna	0h	rep1	32.82
ENST00000540437.5_535_2353	rna	0h	rep2	51.02
ENST00000540437.5_535_2353	rna	0h	rep3	45.67
ENST00000540437.5_535_2353	rna	14h	rep1	14.95
ENST00000540437.5_535_2353	rna	14h	rep2	16.83
ENST00000540437.5_535_2353	rna	14h	rep3	20.08
ENST00000545578.5_274_1987	rna	0h	rep1	32.82
ENST00000545578.5_274_1987	rna	0h	rep2	51.02
ENST00000545578.5_274_1987	rna	0h	rep3	45.67
ENST00000545578.5_274_1987	rna	14h	rep1	14.95
ENST00000545578.5_274_1987	rna	14h	rep2	16.83
ENST00000545578.5_274_1987	rna	14h	rep3	20.08
ENST00000620829.4_80_1586	rna	0h	rep1	20.4
ENST00000620829.4_80_1586	rna	0h	rep2	30.6
ENST00000620829.4_80_1586	rna	0h	rep3	29
ENST00000620829.4_80_1586	rna	14h	rep1	10.2
ENST00000620829.4_80_1586	rna	14h	rep2	10
ENST00000620829.4_80_1586	rna	14h	rep3	11
ENST00000343938.8_412_1054	rna	0h	rep1	23
ENST00000343938.8_412_1054	rna	0h	rep2	41
ENST00000343938.8_412_1054	rna	0h	rep3	48
ENST00000343938.8_412_1054	rna	14h	rep1	8
ENST00000343938.8_412_1054	rna	14h	rep2	3
ENST00000343938.8_412_1054	rna	14h	rep3	9
ENST00000378888.9_1183_2371	rna	0h	rep1	81.5
ENST00000378888.9_1183_2371	rna	0h	rep2	74.5
ENST00000378888.9_1183_2371	rna	0h	rep3	74
ENST00000378888.9_1183_2371	rna	14h	rep1	6.5
ENST00000378888.9_1183_2371	rna	14h	rep2	3.5
ENST00000378888.9_1183_2371	rna	14h	rep3	5.5
ENST00000378891.9_945_2058	rna	0h	rep1	80.5
ENST00000378891.9_945_2058	rna	0h	rep2	74.5
ENST00000378891.9_945_2058	rna	0h	rep3	74
ENST00000378891.9_945_2058	rna	14h	rep1	6.5
ENST00000378891.9_945_2058	rna	14h	rep2	3.5
ENST00000378891.9_945_2058	rna	14h	rep3	5.5
ENST00000445648.5_40_1390	rna	0h	rep1	108.75
ENST00000445648.5_40_1390	rna	0h	rep2	138.33
ENST00000445648.5_40_1390	rna	0h	rep3	114.92
ENST00000445648.5_40_1390	rna	14h	rep1	18.92
ENST00000445648.5_40_1390	rna	14h	rep2	19.42
ENST00000445648.5_40_1390	rna	14h	rep3	22
ENST00000309212.10_32_1358	rna	0h	rep1	87.08
ENST00000309212.10_32_1358	rna	0h	rep2	117.33
ENST00000309212.10_32_1358	rna	0h	rep3	88.58
ENST00000309212.10_32_1358	rna	14h	rep1	16.92
ENST00000309212.10_32_1358	rna	14h	rep2	12.42
ENST00000309212.10_32_1358	rna	14h	rep3	18
ENST00000342753.8_291_1314	rna	0h	rep1	78.08
ENST00000342753.8_291_1314	rna	0h	rep2	101
ENST00000342753.8_291_1314	rna	0h	rep3	78.25
ENST00000342753.8_291_1314	rna	14h	rep1	14.25
ENST00000342753.8_291_1314	rna	14h	rep2	9.75
ENST00000342753.8_291_1314	rna	14h	rep3	15
ENST00000477278.3_515_1814	rna	0h	rep1	87.08
ENST00000477278.3_515_1814	rna	0h	rep2	117.33
ENST00000477278.3_515_1814	rna	0h	rep3	88.25
ENST00000477278.3_515_1814	rna	14h	rep1	16.92
ENST00000477278.3_515_1814	rna	14h	rep2	12.42
ENST00000477278.3_515_1814	rna	14h	rep3	18
ENST00000338370.7_402_999	rna	0h	rep1	273
ENST00000338370.7_402_999	rna	0h	rep2	332
ENST00000338370.7_402_999	rna	0h	rep3	344
ENST00000338370.7_402_999	rna	14h	rep1	112
ENST00000338370.7_402_999	rna	14h	rep2	99
ENST00000338370.7_402_999	rna	14h	rep3	160
ENST00000400809.7_379_1567	rna	0h	rep1	60.5
ENST00000400809.7_379_1567	rna	0h	rep2	52
ENST00000400809.7_379_1567	rna	0h	rep3	63
ENST00000400809.7_379_1567	rna	14h	rep1	91.5
ENST00000400809.7_379_1567	rna	14h	rep2	86
ENST00000400809.7_379_1567	rna	14h	rep3	106.5
ENST00000408918.8_384_690	rna	0h	rep1	10.5
ENST00000408918.8_384_690	rna	0h	rep2	13
ENST00000408918.8_384_690	rna	0h	rep3	10
ENST00000408918.8_384_690	rna	14h	rep1	13.5
ENST00000408918.8_384_690	rna	14h	rep2	14
ENST00000408918.8_384_690	rna	14h	rep3	27.5
ENST00000344843.11_97_544	rna	0h	rep1	200
ENST00000344843.11_97_544	rna	0h	rep2	189
ENST00000344843.11_97_544	rna	0h	rep3	183
ENST00000344843.11_97_544	rna	14h	rep1	106
ENST00000344843.11_97_544	rna	14h	rep2	97
ENST00000344843.11_97_544	rna	14h	rep3	134
ENST00000476993.1_184_1414	rna	0h	rep1	12.5
ENST00000476993.1_184_1414	rna	0h	rep2	16
ENST00000476993.1_184_1414	rna	0h	rep3	22
ENST00000476993.1_184_1414	rna	14h	rep1	11
ENST00000476993.1_184_1414	rna	14h	rep2	5
ENST00000476993.1_184_1414	rna	14h	rep3	6.5
ENST00000338660.5_468_1167	rna	0h	rep1	5.5
ENST00000338660.5_468_1167	rna	0h	rep2	4
ENST00000338660.5_468_1167	rna	0h	rep3	9
ENST00000338660.5_468_1167	rna	14h	rep1	4
ENST00000338660.5_468_1167	rna	14h	rep2	3
ENST00000338660.5_468_1167	rna	14h	rep3	3.5
ENST00000291386.3_370_895	rna	0h	rep1	148
ENST00000291386.3_370_895	rna	0h	rep2	181
ENST00000291386.3_370_895	rna	0h	rep3	152
ENST00000291386.3_370_895	rna	14h	rep1	91
ENST00000291386.3_370_895	rna	14h	rep2	109
ENST00000291386.3_370_895	rna	14h	rep3	124
ENST00000505820.6_189_3228	rna	0h	rep1	11.3
ENST00000505820.6_189_3228	rna	0h	rep2	17.17
ENST00000505820.6_189_3228	rna	0h	rep3	13.52
ENST00000505820.6_189_3228	rna	14h	rep1	8.1
ENST00000505820.6_189_3228	rna	14h	rep2	6.1
ENST00000505820.6_189_3228	rna	14h	rep3	7.9
ENST00000518681.5_195_3039	rna	0h	rep1	10.63
ENST00000518681.5_195_3039	rna	0h	rep2	15.17
ENST00000518681.5_195_3039	rna	0h	rep3	12.52
ENST00000518681.5_195_3039	rna	14h	rep1	8.1
ENST00000518681.5_195_3039	rna	14h	rep2	5.77
ENST00000518681.5_195_3039	rna	14h	rep3	6.9
ENST00000520777.5_217_3244	rna	0h	rep1	11.3
ENST00000520777.5_217_3244	rna	0h	rep2	17.17
ENST00000520777.5_217_3244	rna	0h	rep3	13.52
ENST00000520777.5_217_3244	rna	14h	rep1	8.1
ENST00000520777.5_217_3244	rna	14h	rep2	6.1
ENST00000520777.5_217_3244	rna	14h	rep3	7.9
ENST00000378712.5_326_2585	rna	0h	rep1	7.05
ENST00000378712.5_326_2585	rna	0h	rep2	11.5
ENST00000378712.5_326_2585	rna	0h	rep3	9.1
ENST00000378712.5_326_2585	rna	14h	rep1	6.6
ENST00000378712.5_326_2585	rna	14h	rep2	3.85
ENST00000378712.5_326_2585	rna	14h	rep3	4.4
ENST00000355826.9_379_3208	rna	0h	rep1	10.72
ENST00000355826.9_379_3208	rna	0h	rep2	16
ENST00000355826.9_379_3208	rna	0h	rep3	12.35
ENST00000355826.9_379_3208	rna	14h	rep1	8.1
ENST00000355826.9_379_3208	rna	14h	rep2	5.18
ENST00000355826.9_379_3208	rna	14h	rep3	6.9
ENST00000341426.9_250_1561	rna	0h	rep1	55.5
ENST00000341426.9_250_1561	rna	0h	rep2	72.67
ENST00000341426.9_250_1561	rna	0h	rep3	58
ENST00000341426.9_250_1561	rna	14h	rep1	17.67
ENST00000341426.9_250_1561	rna	14h	rep2	11.17
ENST00000341426.9_250_1561	rna	14h	rep3	19.17
ENST00000342348.9_348_1287	rna	0h	rep1	38
ENST00000342348.9_348_1287	rna	0h	rep2	45.67
ENST00000342348.9_348_1287	rna	0h	rep3	39
ENST00000342348.9_348_1287	rna	14h	rep1	10.67
ENST00000342348.9_348_1287	rna	14h	rep2	8.67
ENST00000342348.9_348_1287	rna	14h	rep3	13.67
ENST00000378625.5_233_1979	rna	0h	rep1	55.5
ENST00000378625.5_233_1979	rna	0h	rep2	72.67
ENST00000378625.5_233_1979	rna	0h	rep3	59
ENST00000378625.5_233_1979	rna	14h	rep1	17.67
ENST00000378625.5_233_1979	rna	14h	rep2	11.17
ENST00000378625.5_233_1979	rna	14h	rep3	20.17
ENST00000610897.4_345_1365	rna	0h	rep1	326
ENST00000610897.4_345_1365	rna	0h	rep2	302.5
ENST00000610897.4_345_1365	rna	0h	rep3	336.5
ENST00000610897.4_345_1365	rna	14h	rep1	180.5
ENST00000610897.4_345_1365	rna	14h	rep2	195.5
ENST00000610897.4_345_1365	rna	14h	rep3	210.5
ENST00000615252.4_548_1268	rna	0h	rep1	171
ENST00000615252.4_548_1268	rna	0h	rep2	175.5
ENST00000615252.4_548_1268	rna	0h	rep3	187.5
ENST00000615252.4_548_1268	rna	14h	rep1	95.5
ENST00000615252.4_548_1268	rna	14h	rep2	96.5
ENST00000615252.4_548_1268	rna	14h	rep3	108.5
ENST00000378609.8_248_278	rna	0h	rep1	5
ENST00000378609.8_248_278	rna	0h	rep2	3
ENST00000378609.8_248_278	rna	0h	rep3	3
ENST00000378609.8_248_278	rna	14h	rep1	0
ENST00000378609.8_248_278	rna	14h	rep2	0
ENST00000378609.8_248_278	rna	14h	rep3	5
ENST00000400918.7_3_513	rna	0h	rep1	11
ENST00000400918.7_3_513	rna	0h	rep2	24.5
ENST00000400918.7_3_513	rna	0h	rep3	13
ENST00000400918.7_3_513	rna	14h	rep1	2.5
ENST00000400918.7_3_513	rna	14h	rep2	4
ENST00000400918.7_3_513	rna	14h	rep3	1.5
ENST00000378546.8_26_566	rna	0h	rep1	10
ENST00000378546.8_26_566	rna	0h	rep2	29.5
ENST00000378546.8_26_566	rna	0h	rep3	25
ENST00000378546.8_26_566	rna	14h	rep1	3.5
ENST00000378546.8_26_566	rna	14h	rep2	4
ENST00000378546.8_26_566	rna	14h	rep3	3.5
ENST00000378536.4_157_2257	rna	0h	rep1	129
ENST00000378536.4_157_2257	rna	0h	rep2	169
ENST00000378536.4_157_2257	rna	0h	rep3	153
ENST00000378536.4_157_2257	rna	14h	rep1	53
ENST00000378536.4_157_2257	rna	14h	rep2	46
ENST00000378536.4_157_2257	rna	14h	rep3	70
ENST00000378531.7_175_1666	rna	0h	rep1	10
ENST00000378531.7_175_1666	rna	0h	rep2	5
ENST00000378531.7_175_1666	rna	0h	rep3	7.5
ENST00000378531.7_175_1666	rna	14h	rep1	0.5
ENST00000378531.7_175_1666	rna	14h	rep2	1
ENST00000378531.7_175_1666	rna	14h	rep3	0.5
ENST00000378529.7_175_1225	rna	0h	rep1	10
ENST00000378529.7_175_1225	rna	0h	rep2	5
ENST00000378529.7_175_1225	rna	0h	rep3	6.5
ENST00000378529.7_175_1225	rna	14h	rep1	0.5
ENST00000378529.7_175_1225	rna	14h	rep2	1
ENST00000378529.7_175_1225	rna	14h	rep3	0.5
ENST00000605895.5_134_722	rna	0h	rep1	255
ENST00000605895.5_134_722	rna	0h	rep2	271
ENST00000605895.5_134_722	rna	0h	rep3	258
ENST00000605895.5_134_722	rna	14h	rep1	186
ENST00000605895.5_134_722	rna	14h	rep2	141
ENST00000605895.5_134_722	rna	14h	rep3	163
ENST00000288774.7_29_1067	rna	0h	rep1	23.5
ENST00000288774.7_29_1067	rna	0h	rep2	30.5
ENST00000288774.7_29_1067	rna	0h	rep3	25.5
ENST00000288774.7_29_1067	rna	14h	rep1	3.5
ENST00000288774.7_29_1067	rna	14h	rep2	6
ENST00000288774.7_29_1067	rna	14h	rep3	7.5
ENST00000447513.6_70_1048	rna	0h	rep1	23.5
ENST00000447513.6_70_1048	rna	0h	rep2	29.5
ENST00000447513.6_70_1048	rna	0h	rep3	25.5
ENST00000447513.6_70_1048	rna	14h	rep1	3.5
ENST00000447513.6_70_1048	rna	14h	rep2	6
ENST00000447513.6_70_1048	rna	14h	rep3	7.5
ENST00000378466.7_42_2361	rna	0h	rep1	90
ENST00000378466.7_42_2361	rna	0h	rep2	88
ENST00000378466.7_42_2361	rna	0h	rep3	97
ENST00000378466.7_42_2361	rna	14h	rep1	56
ENST00000378466.7_42_2361	rna	14h	rep2	38
ENST00000378466.7_42_2361	rna	14h	rep3	60
ENST00000355716.4_300_1149	rna	0h	rep1	13
ENST00000355716.4_300_1149	rna	0h	rep2	16
ENST00000355716.4_300_1149	rna	0h	rep3	22
ENST00000355716.4_300_1149	rna	14h	rep1	4
ENST00000355716.4_300_1149	rna	14h	rep2	0
ENST00000355716.4_300_1149	rna	14h	rep3	4
ENST00000378425.9_47_623	rna	0h	rep1	7.25
ENST00000378425.9_47_623	rna	0h	rep2	6.5
ENST00000378425.9_47_623	rna	0h	rep3	7
ENST00000378425.9_47_623	rna	14h	rep1	0
ENST00000378425.9_47_623	rna	14h	rep2	0.75
ENST00000378425.9_47_623	rna	14h	rep3	0
ENST00000537325.5_1_574	rna	0h	rep1	7.25
ENST00000537325.5_1_574	rna	0h	rep2	6.5
ENST00000537325.5_1_574	rna	0h	rep3	7
ENST00000537325.5_1_574	rna	14h	rep1	0
ENST00000537325.5_1_574	rna	14h	rep2	0.75
ENST00000537325.5_1_574	rna	14h	rep3	0
ENST00000419916.6_112_706	rna	0h	rep1	7.25
ENST00000419916.6_112_706	rna	0h	rep2	7.5
ENST00000419916.6_112_706	rna	0h	rep3	8
ENST00000419916.6_112_706	rna	14h	rep1	0
ENST00000419916.6_112_706	rna	14h	rep2	1.75
ENST00000419916.6_112_706	rna	14h	rep3	0
ENST00000444521.6_137_785	rna	0h	rep1	7.25
ENST00000444521.6_137_785	rna	0h	rep2	7.5
ENST00000444521.6_137_785	rna	0h	rep3	8
ENST00000444521.6_137_785	rna	14h	rep1	0
ENST00000444521.6_137_785	rna	14h	rep2	1.75
ENST00000444521.6_137_785	rna	14h	rep3	0
ENST00000356575.8_570_4851	rna	0h	rep1	6
ENST00000356575.8_570_4851	rna	0h	rep2	10
ENST00000356575.8_570_4851	rna	0h	rep3	6
ENST00000356575.8_570_4851	rna	14h	rep1	1
ENST00000356575.8_570_4851	rna	14h	rep2	5
ENST00000356575.8_570_4851	rna	14h	rep3	5
ENST00000378344.6_72_888	rna	0h	rep1	30
ENST00000378344.6_72_888	rna	0h	rep2	40
ENST00000378344.6_72_888	rna	0h	rep3	30
ENST00000378344.6_72_888	rna	14h	rep1	15
ENST00000378344.6_72_888	rna	14h	rep2	13
ENST00000378344.6_72_888	rna	14h	rep3	12
ENST00000270708.11_75_1455	rna	0h	rep1	65
ENST00000270708.11_75_1455	rna	0h	rep2	75
ENST00000270708.11_75_1455	rna	0h	rep3	73
ENST00000270708.11_75_1455	rna	14h	rep1	19
ENST00000270708.11_75_1455	rna	14h	rep2	16
ENST00000270708.11_75_1455	rna	14h	rep3	26
ENST00000346387.8_111_1731	rna	0h	rep1	3.87
ENST00000346387.8_111_1731	rna	0h	rep2	6.4
ENST00000346387.8_111_1731	rna	0h	rep3	3.3
ENST00000346387.8_111_1731	rna	14h	rep1	0.4
ENST00000346387.8_111_1731	rna	14h	rep2	0
ENST00000346387.8_111_1731	rna	14h	rep3	0.33
ENST00000354437.8_111_1608	rna	0h	rep1	3.2
ENST00000354437.8_111_1608	rna	0h	rep2	6.4
ENST00000354437.8_111_1608	rna	0h	rep3	2.47
ENST00000354437.8_111_1608	rna	14h	rep1	0.73
ENST00000354437.8_111_1608	rna	14h	rep2	0
ENST00000354437.8_111_1608	rna	14h	rep3	0
ENST00000357733.7_111_1776	rna	0h	rep1	3.87
ENST00000357733.7_111_1776	rna	0h	rep2	7.4
ENST00000357733.7_111_1776	rna	0h	rep3	3.47
ENST00000357733.7_111_1776	rna	14h	rep1	0.73
ENST00000357733.7_111_1776	rna	14h	rep2	0
ENST00000357733.7_111_1776	rna	14h	rep3	0.33
ENST00000378295.8_156_2064	rna	0h	rep1	3.87
ENST00000378295.8_156_2064	rna	0h	rep2	8.4
ENST00000378295.8_156_2064	rna	0h	rep3	3.97
ENST00000378295.8_156_2064	rna	14h	rep1	0.73
ENST00000378295.8_156_2064	rna	14h	rep2	0
ENST00000378295.8_156_2064	rna	14h	rep3	0.33
ENST00000604074.5_156_1365	rna	0h	rep1	3.2
ENST00000604074.5_156_1365	rna	0h	rep2	4.4
ENST00000604074.5_156_1365	rna	0h	rep3	1.8
ENST00000604074.5_156_1365	rna	14h	rep1	0.4
ENST00000604074.5_156_1365	rna	14h	rep2	0
ENST00000604074.5_156_1365	rna	14h	rep3	0
ENST00000378251.2_29_1778	rna	0h	rep1	118
ENST00000378251.2_29_1778	rna	0h	rep2	146
ENST00000378251.2_29_1778	rna	0h	rep3	102
ENST00000378251.2_29_1778	rna	14h	rep1	167
ENST00000378251.2_29_1778	rna	14h	rep2	125
ENST00000378251.2_29_1778	rna	14h	rep3	199
ENST00000378230.7_524_3101	rna	0h	rep1	116
ENST00000378230.7_524_3101	rna	0h	rep2	123
ENST00000378230.7_524_3101	rna	0h	rep3	105
ENST00000378230.7_524_3101	rna	14h	rep1	94
ENST00000378230.7_524_3101	rna	14h	rep2	62
ENST00000378230.7_524_3101	rna	14h	rep3	77
ENST00000338895.7_602_1424	rna	0h	rep1	16
ENST00000338895.7_602_1424	rna	0h	rep2	12
ENST00000338895.7_602_1424	rna	0h	rep3	10
ENST00000338895.7_602_1424	rna	14h	rep1	3
ENST00000338895.7_602_1424	rna	14h	rep2	5
ENST00000338895.7_602_1424	rna	14h	rep3	2
ENST00000361605.3_100_829	rna	0h	rep1	99
ENST00000361605.3_100_829	rna	0h	rep2	79
ENST00000361605.3_100_829	rna	0h	rep3	64
ENST00000361605.3_100_829	rna	14h	rep1	53
ENST00000361605.3_100_829	rna	14h	rep2	41
ENST00000361605.3_100_829	rna	14h	rep3	46
ENST00000378156.8_1194_4545	rna	0h	rep1	24
ENST00000378156.8_1194_4545	rna	0h	rep2	18
ENST00000378156.8_1194_4545	rna	0h	rep3	23
ENST00000378156.8_1194_4545	rna	14h	rep1	4
ENST00000378156.8_1194_4545	rna	14h	rep2	4
ENST00000378156.8_1194_4545	rna	14h	rep3	4
ENST00000343813.9_30_882	rna	0h	rep1	188
ENST00000343813.9_30_882	rna	0h	rep2	205
ENST00000343813.9_30_882	rna	0h	rep3	192
ENST00000343813.9_30_882	rna	14h	rep1	72
ENST00000343813.9_30_882	rna	14h	rep2	58
ENST00000343813.9_30_882	rna	14h	rep3	60
ENST00000361521.8_1140_2103	rna	0h	rep1	118
ENST00000361521.8_1140_2103	rna	0h	rep2	129
ENST00000361521.8_1140_2103	rna	0h	rep3	111
ENST00000361521.8_1140_2103	rna	14h	rep1	37
ENST00000361521.8_1140_2103	rna	14h	rep2	41
ENST00000361521.8_1140_2103	rna	14h	rep3	57
ENST00000377705.5_34_2140	rna	0h	rep1	146
ENST00000377705.5_34_2140	rna	0h	rep2	162
ENST00000377705.5_34_2140	rna	0h	rep3	129
ENST00000377705.5_34_2140	rna	14h	rep1	134
ENST00000377705.5_34_2140	rna	14h	rep2	95
ENST00000377705.5_34_2140	rna	14h	rep3	98
ENST00000377674.8_159_2223	rna	0h	rep1	25
ENST00000377674.8_159_2223	rna	0h	rep2	17
ENST00000377674.8_159_2223	rna	0h	rep3	22
ENST00000377674.8_159_2223	rna	14h	rep1	6
ENST00000377674.8_159_2223	rna	14h	rep2	9
ENST00000377674.8_159_2223	rna	14h	rep3	13
ENST00000377658.8_53_1844	rna	0h	rep1	46
ENST00000377658.8_53_1844	rna	0h	rep2	35
ENST00000377658.8_53_1844	rna	0h	rep3	35
ENST00000377658.8_53_1844	rna	14h	rep1	98
ENST00000377658.8_53_1844	rna	14h	rep2	70
ENST00000377658.8_53_1844	rna	14h	rep3	99
ENST00000377648.4_383_1283	rna	0h	rep1	15
ENST00000377648.4_383_1283	rna	0h	rep2	15
ENST00000377648.4_383_1283	rna	0h	rep3	20
ENST00000377648.4_383_1283	rna	14h	rep1	12
ENST00000377648.4_383_1283	rna	14h	rep2	12
ENST00000377648.4_383_1283	rna	14h	rep3	10
ENST00000054650.8_159_876	rna	0h	rep1	13
ENST00000054650.8_159_876	rna	0h	rep2	8.5
ENST00000054650.8_159_876	rna	0h	rep3	12.33
ENST00000054650.8_159_876	rna	14h	rep1	5.33
ENST00000054650.8_159_876	rna	14h	rep2	4.17
ENST00000054650.8_159_876	rna	14h	rep3	7
ENST00000307896.10_39_753	rna	0h	rep1	13
ENST00000307896.10_39_753	rna	0h	rep2	8.5
ENST00000307896.10_39_753	rna	0h	rep3	12.33
ENST00000307896.10_39_753	rna	14h	rep1	5.33
ENST00000307896.10_39_753	rna	14h	rep2	4.17
ENST00000307896.10_39_753	rna	14h	rep3	7
ENST00000377627.7_28_553	rna	0h	rep1	6
ENST00000377627.7_28_553	rna	0h	rep2	4
ENST00000377627.7_28_553	rna	0h	rep3	5.33
ENST00000377627.7_28_553	rna	14h	rep1	3.33
ENST00000377627.7_28_553	rna	14h	rep2	1.67
ENST00000377627.7_28_553	rna	14h	rep3	6
ENST00000377577.9_125_1802	rna	0h	rep1	148
ENST00000377577.9_125_1802	rna	0h	rep2	156
ENST00000377577.9_125_1802	rna	0h	rep3	141
ENST00000377577.9_125_1802	rna	14h	rep1	64
ENST00000377577.9_125_1802	rna	14h	rep2	78
ENST00000377577.9_125_1802	rna	14h	rep3	98
ENST00000473578.5_52_292	rna	0h	rep1	26
ENST00000473578.5_52_292	rna	0h	rep2	26
ENST00000473578.5_52_292	rna	0h	rep3	24.5
ENST00000473578.5_52_292	rna	14h	rep1	22.5
ENST00000473578.5_52_292	rna	14h	rep2	12.5
ENST00000473578.5_52_292	rna	14h	rep3	23
ENST00000557126.5_41_344	rna	0h	rep1	20
ENST00000557126.5_41_344	rna	0h	rep2	19
ENST00000557126.5_41_344	rna	0h	rep3	16.5
ENST00000557126.5_41_344	rna	14h	rep1	27.5
ENST00000557126.5_41_344	rna	14h	rep2	12.5
ENST00000557126.5_41_344	rna	14h	rep3	18
ENST00000054666.10_116_416	rna	0h	rep1	151
ENST00000054666.10_116_416	rna	0h	rep2	153
ENST00000054666.10_116_416	rna	0h	rep3	143
ENST00000054666.10_116_416	rna	14h	rep1	108
ENST00000054666.10_116_416	rna	14h	rep2	68
ENST00000054666.10_116_416	rna	14h	rep3	105
ENST00000614998.4_2656_3838	rna	0h	rep1	30
ENST00000614998.4_2656_3838	rna	0h	rep2	31.5
ENST00000614998.4_2656_3838	rna	0h	rep3	35
ENST00000614998.4_2656_3838	rna	14h	rep1	19
ENST00000614998.4_2656_3838	rna	14h	rep2	15
ENST00000614998.4_2656_3838	rna	14h	rep3	16.5
ENST00000613533.4_2889_3102	rna	0h	rep1	5.5
ENST00000613533.4_2889_3102	rna	0h	rep2	7.5
ENST00000613533.4_2889_3102	rna	0h	rep3	8.5
ENST00000613533.4_2889_3102	rna	14h	rep1	3
ENST00000613533.4_2889_3102	rna	14h	rep2	3.5
ENST00000613533.4_2889_3102	rna	14h	rep3	4.5
ENST00000613533.4_3373_3895	rna	0h	rep1	12.5
ENST00000613533.4_3373_3895	rna	0h	rep2	19
ENST00000613533.4_3373_3895	rna	0h	rep3	11.5
ENST00000613533.4_3373_3895	rna	14h	rep1	13
ENST00000613533.4_3373_3895	rna	14h	rep2	6.5
ENST00000613533.4_3373_3895	rna	14h	rep3	8
ENST00000054668.5_220_418	rna	0h	rep1	0
ENST00000054668.5_220_418	rna	0h	rep2	0
ENST00000054668.5_220_418	rna	0h	rep3	0
ENST00000054668.5_220_418	rna	14h	rep1	7
ENST00000054668.5_220_418	rna	14h	rep2	10.5
ENST00000054668.5_220_418	rna	14h	rep3	5
ENST00000361696.9_33_405	rna	0h	rep1	0
ENST00000361696.9_33_405	rna	0h	rep2	0
ENST00000361696.9_33_405	rna	0h	rep3	0
ENST00000361696.9_33_405	rna	14h	rep1	10
ENST00000361696.9_33_405	rna	14h	rep2	14.5
ENST00000361696.9_33_405	rna	14h	rep3	6
ENST00000493678.5_68_635	rna	0h	rep1	589
ENST00000493678.5_68_635	rna	0h	rep2	706
ENST00000493678.5_68_635	rna	0h	rep3	739
ENST00000493678.5_68_635	rna	14h	rep1	562
ENST00000493678.5_68_635	rna	14h	rep2	487
ENST00000493678.5_68_635	rna	14h	rep3	558
ENST00000377482.9_300_1611	rna	0h	rep1	1311
ENST00000377482.9_300_1611	rna	0h	rep2	1377
ENST00000377482.9_300_1611	rna	0h	rep3	1244
ENST00000377482.9_300_1611	rna	14h	rep1	1396
ENST00000377482.9_300_1611	rna	14h	rep2	1116
ENST00000377482.9_300_1611	rna	14h	rep3	1177
ENST00000377482.9_64_91	rna	0h	rep1	4
ENST00000377482.9_64_91	rna	0h	rep2	4
ENST00000377482.9_64_91	rna	0h	rep3	10
ENST00000377482.9_64_91	rna	14h	rep1	3
ENST00000377482.9_64_91	rna	14h	rep2	1
ENST00000377482.9_64_91	rna	14h	rep3	9
ENST00000337907.7_636_5334	rna	0h	rep1	73.5
ENST00000337907.7_636_5334	rna	0h	rep2	70.5
ENST00000337907.7_636_5334	rna	0h	rep3	63.5
ENST00000337907.7_636_5334	rna	14h	rep1	84
ENST00000337907.7_636_5334	rna	14h	rep2	75
ENST00000337907.7_636_5334	rna	14h	rep3	90
ENST00000476556.5_644_3602	rna	0h	rep1	32.5
ENST00000476556.5_644_3602	rna	0h	rep2	41.5
ENST00000476556.5_644_3602	rna	0h	rep3	35.5
ENST00000476556.5_644_3602	rna	14h	rep1	36
ENST00000476556.5_644_3602	rna	14h	rep2	31
ENST00000476556.5_644_3602	rna	14h	rep3	43
ENST00000234590.8_121_1423	rna	0h	rep1	9802
ENST00000234590.8_121_1423	rna	0h	rep2	11144
ENST00000234590.8_121_1423	rna	0h	rep3	10619
ENST00000234590.8_121_1423	rna	14h	rep1	5292
ENST00000234590.8_121_1423	rna	14h	rep2	5090
ENST00000234590.8_121_1423	rna	14h	rep3	6012
ENST00000377424.8_622_1684	rna	0h	rep1	1
ENST00000377424.8_622_1684	rna	0h	rep2	1
ENST00000377424.8_622_1684	rna	0h	rep3	1
ENST00000377424.8_622_1684	rna	14h	rep1	2
ENST00000377424.8_622_1684	rna	14h	rep2	0
ENST00000377424.8_622_1684	rna	14h	rep3	3
ENST00000377403.6_312_2676	rna	0h	rep1	363
ENST00000377403.6_312_2676	rna	0h	rep2	425
ENST00000377403.6_312_2676	rna	0h	rep3	415
ENST00000377403.6_312_2676	rna	14h	rep1	92
ENST00000377403.6_312_2676	rna	14h	rep2	57
ENST00000377403.6_312_2676	rna	14h	rep3	98
ENST00000328089.10_468_1161	rna	0h	rep1	86
ENST00000328089.10_468_1161	rna	0h	rep2	117
ENST00000328089.10_468_1161	rna	0h	rep3	114
ENST00000328089.10_468_1161	rna	14h	rep1	10
ENST00000328089.10_468_1161	rna	14h	rep2	10
ENST00000328089.10_468_1161	rna	14h	rep3	9
ENST00000340305.9_142_1186	rna	0h	rep1	11
ENST00000340305.9_142_1186	rna	0h	rep2	9
ENST00000340305.9_142_1186	rna	0h	rep3	10
ENST00000340305.9_142_1186	rna	14h	rep1	2.5
ENST00000340305.9_142_1186	rna	14h	rep2	5
ENST00000340305.9_142_1186	rna	14h	rep3	3.5
